<?xml version="1.0" encoding="utf-8" standalone="yes" ?>
<rss version="2.0" xmlns:atom="http://www.w3.org/2005/Atom">
  <channel>
    <title>Accueil | Chateau Buno</title>
    <link>https://chateaubuno.com/fr/</link>
      <atom:link href="https://chateaubuno.com/fr/index.xml" rel="self" type="application/rss+xml" />
    <description>Accueil</description>
    <generator>Hugo Blox Builder (https://hugoblox.com)</generator><language>fr-fr</language><lastBuildDate>Tue, 24 Oct 2023 00:00:00 +0000</lastBuildDate>
    <image>
      <url>https://chateaubuno.com/media/logo.svg</url>
      <title>Accueil</title>
      <link>https://chateaubuno.com/fr/</link>
    </image>
    
  </channel>
</rss>
