<?xml version="1.0" encoding="utf-8" standalone="yes" ?>
<rss version="2.0" xmlns:atom="http://www.w3.org/2005/Atom">
  <channel>
    <title>Markdown | Creator&#39;s Landing Page | Hugo Theme</title>
    <link>http://localhost:1313/tag/markdown/</link>
      <atom:link href="http://localhost:1313/tag/markdown/index.xml" rel="self" type="application/rss+xml" />
    <description>Markdown</description>
    <generator>Hugo Blox Builder (https://hugoblox.com)</generator><language>en-us</language><lastBuildDate>Fri, 27 Oct 2023 00:00:00 +0000</lastBuildDate>
    <image>
      <url>http://localhost:1313/media/logo.svg</url>
      <title>Markdown</title>
      <link>http://localhost:1313/tag/markdown/</link>
    </image>
    
    <item>
      <title>🎉 Easily create your own simple yet highly customizable blog</title>
      <link>http://localhost:1313/blog/get-started/</link>
      <pubDate>Fri, 27 Oct 2023 00:00:00 +0000</pubDate>
      <guid>http://localhost:1313/blog/get-started/</guid>
      <description>&lt;p&gt;Welcome 👋&lt;/p&gt;



&lt;details class=&#34;print:hidden xl:hidden&#34; open&gt;
  &lt;summary&gt;Table of Contents&lt;/summary&gt;
  &lt;div class=&#34;text-sm&#34;&gt;
  &lt;nav id=&#34;TableOfContents&#34;&gt;
  &lt;ul&gt;
    &lt;li&gt;&lt;a href=&#34;#overview&#34;&gt;Overview&lt;/a&gt;
      &lt;ul&gt;
        &lt;li&gt;&lt;a href=&#34;#get-started&#34;&gt;Get Started&lt;/a&gt;&lt;/li&gt;
      &lt;/ul&gt;
    &lt;/li&gt;
    &lt;li&gt;&lt;a href=&#34;#crowd-funded-open-source-software&#34;&gt;Crowd-funded open-source software&lt;/a&gt;
      &lt;ul&gt;
        &lt;li&gt;&lt;a href=&#34;#-click-here-to-become-a-sponsor-and-help-support-hugo-blox&#34;&gt;&lt;a href=&#34;https://hugoblox.com/sponsor/&#34;&gt;❤️ Click here to become a sponsor and help support Hugo Blox&amp;rsquo;s future ❤️&lt;/a&gt;&lt;/a&gt;&lt;/li&gt;
      &lt;/ul&gt;
    &lt;/li&gt;
    &lt;li&gt;&lt;a href=&#34;#ecosystem&#34;&gt;Ecosystem&lt;/a&gt;&lt;/li&gt;
    &lt;li&gt;&lt;a href=&#34;#inspiration&#34;&gt;Inspiration&lt;/a&gt;&lt;/li&gt;
    &lt;li&gt;&lt;a href=&#34;#features&#34;&gt;Features&lt;/a&gt;&lt;/li&gt;
    &lt;li&gt;&lt;a href=&#34;#themes&#34;&gt;Themes&lt;/a&gt;&lt;/li&gt;
    &lt;li&gt;&lt;a href=&#34;#license&#34;&gt;License&lt;/a&gt;&lt;/li&gt;
  &lt;/ul&gt;
&lt;/nav&gt;
  &lt;/div&gt;
&lt;/details&gt;

&lt;h2 id=&#34;overview&#34;&gt;Overview&lt;/h2&gt;
&lt;ol&gt;
&lt;li&gt;The Hugo Blox website builder for Hugo, along with its starter templates, is designed for professional creators, educators, and teams/organizations - although it can be used to create any kind of site&lt;/li&gt;
&lt;li&gt;The template can be modified and customised to suit your needs. It&amp;rsquo;s a good platform for anyone looking to take control of their data and online identity whilst having the convenience to start off with a &lt;strong&gt;no-code solution (write in Markdown and customize with YAML parameters)&lt;/strong&gt; and having &lt;strong&gt;flexibility to later add even deeper personalization with HTML and CSS&lt;/strong&gt;&lt;/li&gt;
&lt;li&gt;You can work with all your favourite tools and apps with hundreds of plugins and integrations to speed up your workflows, interact with your readers, and much more&lt;/li&gt;
&lt;/ol&gt;
&lt;h3 id=&#34;get-started&#34;&gt;Get Started&lt;/h3&gt;
&lt;ul&gt;
&lt;li&gt;👉 &lt;a href=&#34;https://hugoblox.com/templates/&#34; target=&#34;_blank&#34; rel=&#34;noopener&#34;&gt;&lt;strong&gt;Create a new site&lt;/strong&gt;&lt;/a&gt;&lt;/li&gt;
&lt;li&gt;📚 &lt;a href=&#34;https://docs.hugoblox.com/&#34; target=&#34;_blank&#34; rel=&#34;noopener&#34;&gt;&lt;strong&gt;Personalize your site&lt;/strong&gt;&lt;/a&gt;&lt;/li&gt;
&lt;li&gt;💬 &lt;a href=&#34;https://discord.gg/z8wNYzb&#34; target=&#34;_blank&#34; rel=&#34;noopener&#34;&gt;Chat with the &lt;strong&gt;Hugo Blox community&lt;/strong&gt;&lt;/a&gt; or &lt;a href=&#34;https://discourse.gohugo.io&#34; target=&#34;_blank&#34; rel=&#34;noopener&#34;&gt;&lt;strong&gt;Hugo community&lt;/strong&gt;&lt;/a&gt;&lt;/li&gt;
&lt;li&gt;🐦 Twitter: &lt;a href=&#34;https://twitter.com/GetResearchDev&#34; target=&#34;_blank&#34; rel=&#34;noopener&#34;&gt;@GetResearchDev&lt;/a&gt; &lt;a href=&#34;https://twitter.com/GeorgeCushen&#34; target=&#34;_blank&#34; rel=&#34;noopener&#34;&gt;@GeorgeCushen&lt;/a&gt; #MadeWithHugoBlox&lt;/li&gt;
&lt;li&gt;💡 &lt;a href=&#34;https://github.com/HugoBlox/hugo-blox-builder/issues&#34; target=&#34;_blank&#34; rel=&#34;noopener&#34;&gt;Request a &lt;strong&gt;feature&lt;/strong&gt; or report a &lt;strong&gt;bug&lt;/strong&gt; for &lt;em&gt;Hugo Blox&lt;/em&gt;&lt;/a&gt;&lt;/li&gt;
&lt;li&gt;⬆️ &lt;strong&gt;Updating Hugo Blox?&lt;/strong&gt; View the &lt;a href=&#34;https://docs.hugoblox.com/reference/update/&#34; target=&#34;_blank&#34; rel=&#34;noopener&#34;&gt;Update Guide&lt;/a&gt; and &lt;a href=&#34;https://github.com/HugoBlox/hugo-blox-builder/releases&#34; target=&#34;_blank&#34; rel=&#34;noopener&#34;&gt;Release Notes&lt;/a&gt;&lt;/li&gt;
&lt;/ul&gt;
&lt;h2 id=&#34;crowd-funded-open-source-software&#34;&gt;Crowd-funded open-source software&lt;/h2&gt;
&lt;p&gt;To help us develop this template and software sustainably under the MIT license, we ask all individuals and businesses that use it to help support its ongoing maintenance and development via sponsorship.&lt;/p&gt;
&lt;h3 id=&#34;-click-here-to-become-a-sponsor-and-help-support-hugo-blox&#34;&gt;&lt;a href=&#34;https://hugoblox.com/sponsor/&#34; target=&#34;_blank&#34; rel=&#34;noopener&#34;&gt;❤️ Click here to become a sponsor and help support Hugo Blox&amp;rsquo;s future ❤️&lt;/a&gt;&lt;/h3&gt;
&lt;p&gt;As a token of appreciation for sponsoring, you can &lt;strong&gt;unlock &lt;a href=&#34;https://hugoblox.com/sponsor/&#34; target=&#34;_blank&#34; rel=&#34;noopener&#34;&gt;these&lt;/a&gt; awesome rewards and extra features 🦄✨&lt;/strong&gt;&lt;/p&gt;
&lt;h2 id=&#34;ecosystem&#34;&gt;Ecosystem&lt;/h2&gt;
&lt;ul&gt;
&lt;li&gt;&lt;strong&gt;&lt;a href=&#34;https://github.com/GetRD/academic-file-converter&#34; target=&#34;_blank&#34; rel=&#34;noopener&#34;&gt;Bibtex To Markdown&lt;/a&gt;:&lt;/strong&gt; Automatically import publications from BibTeX&lt;/li&gt;
&lt;/ul&gt;
&lt;h2 id=&#34;inspiration&#34;&gt;Inspiration&lt;/h2&gt;
&lt;p&gt;&lt;a href=&#34;https://hugoblox.com/creators/&#34; target=&#34;_blank&#34; rel=&#34;noopener&#34;&gt;Learn what other &lt;strong&gt;creators&lt;/strong&gt;&lt;/a&gt; are building with this template.&lt;/p&gt;
&lt;h2 id=&#34;features&#34;&gt;Features&lt;/h2&gt;
&lt;ul&gt;
&lt;li&gt;&lt;strong&gt;Page builder&lt;/strong&gt; - Create &lt;em&gt;anything&lt;/em&gt; with no-code &lt;a href=&#34;https://hugoblox.com/blocks/&#34; target=&#34;_blank&#34; rel=&#34;noopener&#34;&gt;&lt;strong&gt;blocks&lt;/strong&gt;&lt;/a&gt; and &lt;a href=&#34;https://docs.hugoblox.com/reference/markdown/&#34; target=&#34;_blank&#34; rel=&#34;noopener&#34;&gt;&lt;strong&gt;elements&lt;/strong&gt;&lt;/a&gt;&lt;/li&gt;
&lt;li&gt;&lt;strong&gt;Edit any type of content&lt;/strong&gt; - Blog posts, publications, talks, slides, projects, and more!&lt;/li&gt;
&lt;li&gt;&lt;strong&gt;Create content&lt;/strong&gt; in &lt;a href=&#34;https://docs.hugoblox.com/reference/markdown/&#34; target=&#34;_blank&#34; rel=&#34;noopener&#34;&gt;&lt;strong&gt;Markdown&lt;/strong&gt;&lt;/a&gt;, &lt;a href=&#34;https://docs.hugoblox.com/getting-started/cms/&#34; target=&#34;_blank&#34; rel=&#34;noopener&#34;&gt;&lt;strong&gt;Jupyter&lt;/strong&gt;&lt;/a&gt;, or &lt;a href=&#34;https://docs.hugoblox.com/getting-started/cms/&#34; target=&#34;_blank&#34; rel=&#34;noopener&#34;&gt;&lt;strong&gt;RStudio&lt;/strong&gt;&lt;/a&gt;&lt;/li&gt;
&lt;li&gt;&lt;strong&gt;Plugin System&lt;/strong&gt; - Fully customizable &lt;a href=&#34;https://docs.hugoblox.com/getting-started/customize/&#34; target=&#34;_blank&#34; rel=&#34;noopener&#34;&gt;&lt;strong&gt;color&lt;/strong&gt; and &lt;strong&gt;font themes&lt;/strong&gt;&lt;/a&gt;&lt;/li&gt;
&lt;li&gt;&lt;strong&gt;Display Code and Math&lt;/strong&gt; - Code syntax highlighting and LaTeX math supported&lt;/li&gt;
&lt;li&gt;&lt;strong&gt;Integrations&lt;/strong&gt; - &lt;a href=&#34;https://analytics.google.com&#34; target=&#34;_blank&#34; rel=&#34;noopener&#34;&gt;Google Analytics&lt;/a&gt;, &lt;a href=&#34;https://disqus.com&#34; target=&#34;_blank&#34; rel=&#34;noopener&#34;&gt;Disqus commenting&lt;/a&gt;, Maps, Contact Forms, and more!&lt;/li&gt;
&lt;li&gt;&lt;strong&gt;Beautiful Site&lt;/strong&gt; - Simple and refreshing one-page design&lt;/li&gt;
&lt;li&gt;&lt;strong&gt;Industry-Leading SEO&lt;/strong&gt; - Help get your website found on search engines and social media&lt;/li&gt;
&lt;li&gt;&lt;strong&gt;Media Galleries&lt;/strong&gt; - Display your images and videos with captions in a customizable gallery&lt;/li&gt;
&lt;li&gt;&lt;strong&gt;Mobile Friendly&lt;/strong&gt; - Look amazing on every screen with a mobile friendly version of your site&lt;/li&gt;
&lt;li&gt;&lt;strong&gt;Multi-language&lt;/strong&gt; - 35+ language packs including English, 中文, and Português&lt;/li&gt;
&lt;li&gt;&lt;strong&gt;Multi-user&lt;/strong&gt; - Each author gets their own profile page&lt;/li&gt;
&lt;li&gt;&lt;strong&gt;Privacy Pack&lt;/strong&gt; - Assists with GDPR&lt;/li&gt;
&lt;li&gt;&lt;strong&gt;Stand Out&lt;/strong&gt; - Bring your site to life with animation, parallax backgrounds, and scroll effects&lt;/li&gt;
&lt;li&gt;&lt;strong&gt;One-Click Deployment&lt;/strong&gt; - No servers. No databases. Only files.&lt;/li&gt;
&lt;/ul&gt;
&lt;h2 id=&#34;themes&#34;&gt;Themes&lt;/h2&gt;
&lt;p&gt;Hugo Blox and its templates come with &lt;strong&gt;automatic day (light) and night (dark) mode&lt;/strong&gt; built-in. Visitors can choose their preferred mode by clicking the sun/moon icon in the header.&lt;/p&gt;
&lt;p&gt;&lt;a href=&#34;https://docs.hugoblox.com/getting-started/customize/&#34; target=&#34;_blank&#34; rel=&#34;noopener&#34;&gt;Choose a stunning &lt;strong&gt;theme&lt;/strong&gt; and &lt;strong&gt;font&lt;/strong&gt;&lt;/a&gt; for your site. Themes are fully customizable.&lt;/p&gt;
&lt;h2 id=&#34;license&#34;&gt;License&lt;/h2&gt;
&lt;p&gt;Copyright 2016-present &lt;a href=&#34;https://georgecushen.com&#34; target=&#34;_blank&#34; rel=&#34;noopener&#34;&gt;George Cushen&lt;/a&gt;.&lt;/p&gt;
&lt;p&gt;Released under the &lt;a href=&#34;https://github.com/HugoBlox/hugo-blox-builder/blob/main/LICENSE.md&#34; target=&#34;_blank&#34; rel=&#34;noopener&#34;&gt;MIT&lt;/a&gt; license.&lt;/p&gt;
</description>
    </item>
    
    <item>
      <title>🧠 Sharpen your thinking with a second brain</title>
      <link>http://localhost:1313/blog/second-brain/</link>
      <pubDate>Thu, 26 Oct 2023 00:00:00 +0000</pubDate>
      <guid>http://localhost:1313/blog/second-brain/</guid>
      <description>&lt;p&gt;Create a personal knowledge base and share your knowledge with your peers.&lt;/p&gt;
&lt;p&gt;Hugo Blox web framework empowers you with one of the most flexible note-taking capabilities out there.&lt;/p&gt;
&lt;p&gt;Create a powerful knowledge base that works on top of a local folder of plain text Markdown files.&lt;/p&gt;
&lt;p&gt;Use it as your second brain, either publicly sharing your knowledge with your peers via your website, or via a private GitHub repository and password-protected site just for yourself.&lt;/p&gt;
&lt;h2 id=&#34;mindmaps&#34;&gt;Mindmaps&lt;/h2&gt;
&lt;p&gt;Hugo Blox supports a Markdown extension for mindmaps.&lt;/p&gt;
&lt;p&gt;With this open format, can even edit your mindmaps in other popular tools such as Obsidian.&lt;/p&gt;
&lt;p&gt;Simply insert a Markdown code block labelled as &lt;code&gt;markmap&lt;/code&gt; and optionally set the height of the mindmap as shown in the example below.&lt;/p&gt;
&lt;p&gt;Mindmaps can be created by simply writing the items as a Markdown list within the &lt;code&gt;markmap&lt;/code&gt; code block, indenting each item to create as many sub-levels as you need:&lt;/p&gt;
&lt;div class=&#34;highlight&#34;&gt;
&lt;pre class=&#34;chroma&#34;&gt;
&lt;code&gt;
```markmap {height=&#34;200px&#34;}
- Hugo Modules
  - Hugo Blox
  - blox-plugins-netlify
  - blox-plugins-netlify-cms
  - blox-plugins-reveal
```
&lt;/code&gt;
&lt;/pre&gt;
&lt;/div&gt;
&lt;p&gt;renders as&lt;/p&gt;
&lt;div class=&#34;markmap&#34; style=&#34;height: 200px;&#34;&gt;

&lt;pre&gt;- Hugo Modules
  - Hugo Blox
  - blox-plugins-netlify
  - blox-plugins-netlify-cms
  - blox-plugins-reveal&lt;/pre&gt;
&lt;/div&gt;

&lt;p&gt;Anh here&amp;rsquo;s a more advanced mindmap with formatting, code blocks, and math:&lt;/p&gt;
&lt;div class=&#34;highlight&#34;&gt;
&lt;pre class=&#34;chroma&#34;&gt;
&lt;code&gt;
```markmap
- Mindmaps
  - Links
    - [Hugo Blox Docs](https://docs.hugoblox.com/)
    - [Discord Community](https://discord.gg/z8wNYzb)
    - [GitHub](https://github.com/HugoBlox/hugo-blox-builder)
  - Features
    - Markdown formatting
    - **inline** ~~text~~ *styles*
    - multiline
      text
    - `inline code`
    -
      ```js
      console.log(&#39;hello&#39;);
      console.log(&#39;code block&#39;);
      ```
    - Math: $x = {-b \pm \sqrt{b^2-4ac} \over 2a}$
```
&lt;/code&gt;
&lt;/pre&gt;
&lt;/div&gt;
&lt;p&gt;renders as&lt;/p&gt;
&lt;div class=&#34;markmap&#34; style=&#34;height: 500px;&#34;&gt;

&lt;pre&gt;- Mindmaps
  - Links
    - [Hugo Blox Docs](https://docs.hugoblox.com/)
    - [Discord Community](https://discord.gg/z8wNYzb)
    - [GitHub](https://github.com/HugoBlox/hugo-blox-builder)
  - Features
    - Markdown formatting
    - **inline** ~~text~~ *styles*
    - multiline
      text
    - `inline code`
    -
      ```js
      console.log(&#39;hello&#39;);
      console.log(&#39;code block&#39;);
      ```
    - Math: $x = {-b \pm \sqrt{b^2-4ac} \over 2a}$&lt;/pre&gt;
&lt;/div&gt;

&lt;h2 id=&#34;highlighting&#34;&gt;Highlighting&lt;/h2&gt;
&lt;p&gt;&lt;mark&gt;Highlight&lt;/mark&gt; important text with &lt;code&gt;mark&lt;/code&gt;:&lt;/p&gt;
&lt;div class=&#34;highlight&#34;&gt;&lt;pre tabindex=&#34;0&#34; class=&#34;chroma&#34;&gt;&lt;code class=&#34;language-html&#34; data-lang=&#34;html&#34;&gt;&lt;span class=&#34;line&#34;&gt;&lt;span class=&#34;cl&#34;&gt;&lt;span class=&#34;p&#34;&gt;&amp;lt;&lt;/span&gt;&lt;span class=&#34;nt&#34;&gt;mark&lt;/span&gt;&lt;span class=&#34;p&#34;&gt;&amp;gt;&lt;/span&gt;Highlighted text&lt;span class=&#34;p&#34;&gt;&amp;lt;/&lt;/span&gt;&lt;span class=&#34;nt&#34;&gt;mark&lt;/span&gt;&lt;span class=&#34;p&#34;&gt;&amp;gt;&lt;/span&gt;
&lt;/span&gt;&lt;/span&gt;&lt;/code&gt;&lt;/pre&gt;&lt;/div&gt;&lt;h2 id=&#34;callouts&#34;&gt;Callouts&lt;/h2&gt;
&lt;p&gt;Use &lt;a href=&#34;https://docs.hugoblox.com/reference/markdown/#callouts&#34; target=&#34;_blank&#34; rel=&#34;noopener&#34;&gt;callouts&lt;/a&gt; (aka &lt;em&gt;asides&lt;/em&gt;, &lt;em&gt;hints&lt;/em&gt;, or &lt;em&gt;alerts&lt;/em&gt;) to draw attention to notes, tips, and warnings.&lt;/p&gt;
&lt;p&gt;By wrapping a paragraph in &lt;code&gt;{{% callout note %}} ... {{% /callout %}}&lt;/code&gt;, it will render as an aside.&lt;/p&gt;
&lt;div class=&#34;highlight&#34;&gt;&lt;pre tabindex=&#34;0&#34; class=&#34;chroma&#34;&gt;&lt;code class=&#34;language-markdown&#34; data-lang=&#34;markdown&#34;&gt;&lt;span class=&#34;line&#34;&gt;&lt;span class=&#34;cl&#34;&gt;{{% callout note %}}
&lt;/span&gt;&lt;/span&gt;&lt;span class=&#34;line&#34;&gt;&lt;span class=&#34;cl&#34;&gt;A Markdown aside is useful for displaying notices, hints, or definitions to your readers.
&lt;/span&gt;&lt;/span&gt;&lt;span class=&#34;line&#34;&gt;&lt;span class=&#34;cl&#34;&gt;{{% /callout %}}
&lt;/span&gt;&lt;/span&gt;&lt;/code&gt;&lt;/pre&gt;&lt;/div&gt;&lt;p&gt;renders as&lt;/p&gt;
&lt;div class=&#34;flex px-4 py-3 mb-6 rounded-md bg-primary-100 dark:bg-primary-900&#34;&gt;
&lt;span class=&#34;pr-3 pt-1 text-primary-600 dark:text-primary-300&#34;&gt;
  &lt;svg height=&#34;24&#34; xmlns=&#34;http://www.w3.org/2000/svg&#34; viewBox=&#34;0 0 24 24&#34;&gt;&lt;path fill=&#34;none&#34; stroke=&#34;currentColor&#34; stroke-linecap=&#34;round&#34; stroke-linejoin=&#34;round&#34; stroke-width=&#34;1.5&#34; d=&#34;m11.25 11.25l.041-.02a.75.75 0 0 1 1.063.852l-.708 2.836a.75.75 0 0 0 1.063.853l.041-.021M21 12a9 9 0 1 1-18 0a9 9 0 0 1 18 0m-9-3.75h.008v.008H12z&#34;/&gt;&lt;/svg&gt;
&lt;/span&gt;
  &lt;span class=&#34;dark:text-neutral-300&#34;&gt;A Markdown aside is useful for displaying notices, hints, or definitions to your readers.&lt;/span&gt;
&lt;/div&gt;
&lt;p&gt;Or use the &lt;code&gt;warning&lt;/code&gt; callout type so your readers don&amp;rsquo;t miss critical details:&lt;/p&gt;
&lt;div class=&#34;flex px-4 py-3 mb-6 rounded-md bg-yellow-100 dark:bg-yellow-900&#34;&gt;
&lt;span class=&#34;pr-3 pt-1 text-red-400&#34;&gt;
  &lt;svg height=&#34;24&#34; xmlns=&#34;http://www.w3.org/2000/svg&#34; viewBox=&#34;0 0 24 24&#34;&gt;&lt;path fill=&#34;none&#34; stroke=&#34;currentColor&#34; stroke-linecap=&#34;round&#34; stroke-linejoin=&#34;round&#34; stroke-width=&#34;1.5&#34; d=&#34;M12 9v3.75m-9.303 3.376c-.866 1.5.217 3.374 1.948 3.374h14.71c1.73 0 2.813-1.874 1.948-3.374L13.949 3.378c-.866-1.5-3.032-1.5-3.898 0zM12 15.75h.007v.008H12z&#34;/&gt;&lt;/svg&gt;
&lt;/span&gt;
  &lt;span class=&#34;dark:text-neutral-300&#34;&gt;A Markdown aside is useful for displaying notices, hints, or definitions to your readers.&lt;/span&gt;
&lt;/div&gt;
&lt;h2 id=&#34;did-you-find-this-page-helpful-consider-sharing-it-&#34;&gt;Did you find this page helpful? Consider sharing it 🙌&lt;/h2&gt;
</description>
    </item>
    
    <item>
      <title>📈 Communicate your results effectively with the best data visualizations</title>
      <link>http://localhost:1313/blog/data-visualization/</link>
      <pubDate>Wed, 25 Oct 2023 00:00:00 +0000</pubDate>
      <guid>http://localhost:1313/blog/data-visualization/</guid>
      <description>&lt;p&gt;Hugo Blox is designed to give technical content creators a seamless experience. You can focus on the content and Hugo Blox handles the rest.&lt;/p&gt;
&lt;p&gt;Use popular tools such as Plotly, Mermaid, and data frames.&lt;/p&gt;
&lt;h2 id=&#34;charts&#34;&gt;Charts&lt;/h2&gt;
&lt;p&gt;Hugo Blox supports the popular &lt;a href=&#34;https://plot.ly/&#34; target=&#34;_blank&#34; rel=&#34;noopener&#34;&gt;Plotly&lt;/a&gt; format for interactive data visualizations. With Plotly, you can design almost any kind of visualization you can imagine!&lt;/p&gt;
&lt;p&gt;Save your Plotly JSON in your page folder, for example &lt;code&gt;line-chart.json&lt;/code&gt;, and then add the &lt;code&gt;{{&amp;lt; chart data=&amp;quot;line-chart&amp;quot; &amp;gt;}}&lt;/code&gt; shortcode where you would like the chart to appear.&lt;/p&gt;
&lt;p&gt;Demo:&lt;/p&gt;




&lt;div id=&#34;chart-357284691&#34; class=&#34;chart&#34;&gt;&lt;/div&gt;
&lt;script&gt;
  async function fetchChartJSON() {
    console.debug(&#39;Hugo Blox fetching chart JSON...&#39;)
    const response = await fetch(&#39;.\/line-chart.json&#39;);
    return await response.json();
  }

  (function() {
    let a = setInterval( function() {
      if ( typeof window.Plotly === &#39;undefined&#39; ) {
        console.debug(&#39;Plotly not loaded yet...&#39;)
        return;
      }
      clearInterval( a );

      fetchChartJSON().then(chart =&gt; {
        console.debug(&#39;Plotting chart...&#39;)
        window.Plotly.newPlot(&#39;chart-357284691&#39;, chart.data, chart.layout, {responsive: true});
      });
    }, 500 );
  })();
&lt;/script&gt;

&lt;p&gt;You might also find the &lt;a href=&#34;http://plotly-json-editor.getforge.io/&#34; target=&#34;_blank&#34; rel=&#34;noopener&#34;&gt;Plotly JSON Editor&lt;/a&gt; useful.&lt;/p&gt;
&lt;h2 id=&#34;diagrams&#34;&gt;Diagrams&lt;/h2&gt;
&lt;p&gt;Hugo Blox supports the &lt;em&gt;Mermaid&lt;/em&gt; Markdown extension for diagrams.&lt;/p&gt;
&lt;p&gt;An example &lt;strong&gt;flowchart&lt;/strong&gt;:&lt;/p&gt;
&lt;pre&gt;&lt;code&gt;```mermaid
graph TD
A[Hard] --&amp;gt;|Text| B(Round)
B --&amp;gt; C{Decision}
C --&amp;gt;|One| D[Result 1]
C --&amp;gt;|Two| E[Result 2]
```
&lt;/code&gt;&lt;/pre&gt;
&lt;p&gt;renders as&lt;/p&gt;
&lt;div class=&#34;mermaid&#34;&gt;graph TD
A[Hard] --&gt;|Text| B(Round)
B --&gt; C{Decision}
C --&gt;|One| D[Result 1]
C --&gt;|Two| E[Result 2]
&lt;/div&gt;
&lt;p&gt;An example &lt;strong&gt;sequence diagram&lt;/strong&gt;:&lt;/p&gt;
&lt;pre&gt;&lt;code&gt;```mermaid
sequenceDiagram
Alice-&amp;gt;&amp;gt;John: Hello John, how are you?
loop Healthcheck
    John-&amp;gt;&amp;gt;John: Fight against hypochondria
end
Note right of John: Rational thoughts!
John--&amp;gt;&amp;gt;Alice: Great!
John-&amp;gt;&amp;gt;Bob: How about you?
Bob--&amp;gt;&amp;gt;John: Jolly good!
```
&lt;/code&gt;&lt;/pre&gt;
&lt;p&gt;renders as&lt;/p&gt;
&lt;div class=&#34;mermaid&#34;&gt;sequenceDiagram
Alice-&gt;&gt;John: Hello John, how are you?
loop Healthcheck
    John-&gt;&gt;John: Fight against hypochondria
end
Note right of John: Rational thoughts!
John--&gt;&gt;Alice: Great!
John-&gt;&gt;Bob: How about you?
Bob--&gt;&gt;John: Jolly good!
&lt;/div&gt;
&lt;p&gt;An example &lt;strong&gt;class diagram&lt;/strong&gt;:&lt;/p&gt;
&lt;pre&gt;&lt;code&gt;```mermaid
classDiagram
Class01 &amp;lt;|-- AveryLongClass : Cool
Class03 *-- Class04
Class05 o-- Class06
Class07 .. Class08
Class09 --&amp;gt; C2 : Where am i?
Class09 --* C3
Class09 --|&amp;gt; Class07
Class07 : equals()
Class07 : Object[] elementData
Class01 : size()
Class01 : int chimp
Class01 : int gorilla
Class08 &amp;lt;--&amp;gt; C2: Cool label
```
&lt;/code&gt;&lt;/pre&gt;
&lt;p&gt;renders as&lt;/p&gt;
&lt;div class=&#34;mermaid&#34;&gt;classDiagram
Class01 &lt;|-- AveryLongClass : Cool
Class03 *-- Class04
Class05 o-- Class06
Class07 .. Class08
Class09 --&gt; C2 : Where am i?
Class09 --* C3
Class09 --|&gt; Class07
Class07 : equals()
Class07 : Object[] elementData
Class01 : size()
Class01 : int chimp
Class01 : int gorilla
Class08 &lt;--&gt; C2: Cool label
&lt;/div&gt;
&lt;p&gt;An example &lt;strong&gt;state diagram&lt;/strong&gt;:&lt;/p&gt;
&lt;pre&gt;&lt;code&gt;```mermaid
stateDiagram
[*] --&amp;gt; Still
Still --&amp;gt; [*]
Still --&amp;gt; Moving
Moving --&amp;gt; Still
Moving --&amp;gt; Crash
Crash --&amp;gt; [*]
```
&lt;/code&gt;&lt;/pre&gt;
&lt;p&gt;renders as&lt;/p&gt;
&lt;div class=&#34;mermaid&#34;&gt;stateDiagram
[*] --&gt; Still
Still --&gt; [*]
Still --&gt; Moving
Moving --&gt; Still
Moving --&gt; Crash
Crash --&gt; [*]
&lt;/div&gt;
&lt;h2 id=&#34;data-frames&#34;&gt;Data Frames&lt;/h2&gt;
&lt;p&gt;Save your spreadsheet as a CSV file in your page&amp;rsquo;s folder and then render it by adding the &lt;em&gt;Table&lt;/em&gt; shortcode to your page:&lt;/p&gt;
&lt;div class=&#34;highlight&#34;&gt;&lt;pre tabindex=&#34;0&#34; class=&#34;chroma&#34;&gt;&lt;code class=&#34;language-go&#34; data-lang=&#34;go&#34;&gt;&lt;span class=&#34;line&#34;&gt;&lt;span class=&#34;cl&#34;&gt;&lt;span class=&#34;p&#34;&gt;{{&amp;lt;&lt;/span&gt; &lt;span class=&#34;nx&#34;&gt;table&lt;/span&gt; &lt;span class=&#34;nx&#34;&gt;path&lt;/span&gt;&lt;span class=&#34;p&#34;&gt;=&lt;/span&gt;&lt;span class=&#34;s&#34;&gt;&amp;#34;results.csv&amp;#34;&lt;/span&gt; &lt;span class=&#34;nx&#34;&gt;header&lt;/span&gt;&lt;span class=&#34;p&#34;&gt;=&lt;/span&gt;&lt;span class=&#34;s&#34;&gt;&amp;#34;true&amp;#34;&lt;/span&gt; &lt;span class=&#34;nx&#34;&gt;caption&lt;/span&gt;&lt;span class=&#34;p&#34;&gt;=&lt;/span&gt;&lt;span class=&#34;s&#34;&gt;&amp;#34;Table 1: My results&amp;#34;&lt;/span&gt; &lt;span class=&#34;p&#34;&gt;&amp;gt;}}&lt;/span&gt;
&lt;/span&gt;&lt;/span&gt;&lt;/code&gt;&lt;/pre&gt;&lt;/div&gt;&lt;p&gt;renders as&lt;/p&gt;














&lt;table class=&#34;table-auto w-full&#34;&gt;
  
    
    
    &lt;thead&gt;
      &lt;tr&gt;  &lt;th class=&#34;border-b dark:border-slate-600 font-medium p-4 pt-0 pb-3 text-slate-400 dark:text-slate-200 text-left&#34;&gt;customer_id&lt;/th&gt;  &lt;th class=&#34;border-b dark:border-slate-600 font-medium p-4 pt-0 pb-3 text-slate-400 dark:text-slate-200 text-left&#34;&gt;score&lt;/th&gt;  &lt;/tr&gt;
    &lt;/thead&gt;
  
  &lt;tbody&gt;
  
    &lt;tr&gt;
      
        
          &lt;td data-table-dtype=&#34;number&#34; class=&#34;border-b border-slate-100 dark:border-slate-700 p-4 text-slate-500 dark:text-slate-400&#34;&gt;1&lt;/td&gt;
        
      
        
          &lt;td data-table-dtype=&#34;number&#34; class=&#34;border-b border-slate-100 dark:border-slate-700 p-4 text-slate-500 dark:text-slate-400&#34;&gt;0&lt;/td&gt;
        
      
    &lt;/tr&gt;
  
    &lt;tr&gt;
      
        
          &lt;td data-table-dtype=&#34;number&#34; class=&#34;border-b border-slate-100 dark:border-slate-700 p-4 text-slate-500 dark:text-slate-400&#34;&gt;2&lt;/td&gt;
        
      
        
          &lt;td data-table-dtype=&#34;text&#34; class=&#34;border-b border-slate-100 dark:border-slate-700 p-4 text-slate-500 dark:text-slate-400&#34;&gt;0.5&lt;/td&gt;
        
      
    &lt;/tr&gt;
  
    &lt;tr&gt;
      
        
          &lt;td data-table-dtype=&#34;number&#34; class=&#34;border-b border-slate-100 dark:border-slate-700 p-4 text-slate-500 dark:text-slate-400&#34;&gt;3&lt;/td&gt;
        
      
        
          &lt;td data-table-dtype=&#34;number&#34; class=&#34;border-b border-slate-100 dark:border-slate-700 p-4 text-slate-500 dark:text-slate-400&#34;&gt;1&lt;/td&gt;
        
      
    &lt;/tr&gt;
  
  &lt;/tbody&gt;
  
    &lt;caption class=&#34;table-caption&#34;&gt;Table 1: My results&lt;/caption&gt;
  
&lt;/table&gt;

&lt;h2 id=&#34;did-you-find-this-page-helpful-consider-sharing-it-&#34;&gt;Did you find this page helpful? Consider sharing it 🙌&lt;/h2&gt;
</description>
    </item>
    
    <item>
      <title>👩🏼‍🏫 Teach academic courses</title>
      <link>http://localhost:1313/blog/teach-courses/</link>
      <pubDate>Tue, 24 Oct 2023 00:00:00 +0000</pubDate>
      <guid>http://localhost:1313/blog/teach-courses/</guid>
      <description>&lt;p&gt;&lt;a href=&#34;https://hugoblox.com&#34; target=&#34;_blank&#34; rel=&#34;noopener&#34;&gt;Hugo Blox Builder&lt;/a&gt; is designed to give technical content creators a seamless experience. You can focus on the content and the Hugo Blox Builder which this template is built upon handles the rest.&lt;/p&gt;
&lt;p&gt;&lt;strong&gt;Embed videos, podcasts, code, LaTeX math, and even test students!&lt;/strong&gt;&lt;/p&gt;
&lt;p&gt;On this page, you&amp;rsquo;ll find some examples of the types of technical content that can be rendered with Hugo Blox.&lt;/p&gt;
&lt;h2 id=&#34;video&#34;&gt;Video&lt;/h2&gt;
&lt;p&gt;Teach your course by sharing videos with your students. Choose from one of the following approaches:&lt;/p&gt;
&lt;div style=&#34;position: relative; padding-bottom: 56.25%; height: 0; overflow: hidden;&#34;&gt;
      &lt;iframe allow=&#34;accelerometer; autoplay; clipboard-write; encrypted-media; gyroscope; picture-in-picture; web-share&#34; allowfullscreen=&#34;allowfullscreen&#34; loading=&#34;eager&#34; referrerpolicy=&#34;strict-origin-when-cross-origin&#34; src=&#34;https://www.youtube.com/embed/D2vj0WcvH5c?autoplay=0&amp;amp;controls=1&amp;amp;end=0&amp;amp;loop=0&amp;amp;mute=0&amp;amp;start=0&#34; style=&#34;position: absolute; top: 0; left: 0; width: 100%; height: 100%; border:0;&#34; title=&#34;YouTube video&#34;&gt;&lt;/iframe&gt;
    &lt;/div&gt;

&lt;p&gt;&lt;strong&gt;Youtube&lt;/strong&gt;:&lt;/p&gt;
&lt;pre&gt;&lt;code&gt;{{&amp;lt; youtube w7Ft2ymGmfc &amp;gt;}}
&lt;/code&gt;&lt;/pre&gt;
&lt;p&gt;&lt;strong&gt;Bilibili&lt;/strong&gt;:&lt;/p&gt;
&lt;pre&gt;&lt;code&gt;{{&amp;lt; bilibili id=&amp;quot;BV1WV4y1r7DF&amp;quot; &amp;gt;}}
&lt;/code&gt;&lt;/pre&gt;
&lt;p&gt;&lt;strong&gt;Video file&lt;/strong&gt;&lt;/p&gt;
&lt;p&gt;Videos may be added to a page by either placing them in your &lt;code&gt;assets/media/&lt;/code&gt; media library or in your &lt;a href=&#34;https://gohugo.io/content-management/page-bundles/&#34; target=&#34;_blank&#34; rel=&#34;noopener&#34;&gt;page&amp;rsquo;s folder&lt;/a&gt;, and then embedding them with the &lt;em&gt;video&lt;/em&gt; shortcode:&lt;/p&gt;
&lt;pre&gt;&lt;code&gt;{{&amp;lt; video src=&amp;quot;my_video.mp4&amp;quot; controls=&amp;quot;yes&amp;quot; &amp;gt;}}
&lt;/code&gt;&lt;/pre&gt;
&lt;h2 id=&#34;podcast&#34;&gt;Podcast&lt;/h2&gt;
&lt;p&gt;You can add a podcast or music to a page by placing the MP3 file in the page&amp;rsquo;s folder or the media library folder and then embedding the audio on your page with the &lt;em&gt;audio&lt;/em&gt; shortcode:&lt;/p&gt;
&lt;pre&gt;&lt;code&gt;{{&amp;lt; audio src=&amp;quot;ambient-piano.mp3&amp;quot; &amp;gt;}}
&lt;/code&gt;&lt;/pre&gt;
&lt;p&gt;Try it out:&lt;/p&gt;








  








&lt;audio controls &gt;
  &lt;source src=&#34;http://localhost:1313/blog/teach-courses/ambient-piano.mp3&#34; type=&#34;audio/mpeg&#34;&gt;
&lt;/audio&gt;

&lt;h2 id=&#34;test-students&#34;&gt;Test students&lt;/h2&gt;
&lt;p&gt;Provide a simple yet fun self-assessment by revealing the solutions to challenges with the &lt;code&gt;spoiler&lt;/code&gt; shortcode:&lt;/p&gt;
&lt;div class=&#34;highlight&#34;&gt;&lt;pre tabindex=&#34;0&#34; class=&#34;chroma&#34;&gt;&lt;code class=&#34;language-markdown&#34; data-lang=&#34;markdown&#34;&gt;&lt;span class=&#34;line&#34;&gt;&lt;span class=&#34;cl&#34;&gt;{{&lt;span class=&#34;p&#34;&gt;&amp;lt;&lt;/span&gt; &lt;span class=&#34;nt&#34;&gt;spoiler&lt;/span&gt; &lt;span class=&#34;na&#34;&gt;text&lt;/span&gt;&lt;span class=&#34;o&#34;&gt;=&lt;/span&gt;&lt;span class=&#34;s&#34;&gt;&amp;#34;👉 Click to view the solution&amp;#34;&lt;/span&gt; &lt;span class=&#34;p&#34;&gt;&amp;gt;&lt;/span&gt;}}
&lt;/span&gt;&lt;/span&gt;&lt;span class=&#34;line&#34;&gt;&lt;span class=&#34;cl&#34;&gt;You found me!
&lt;/span&gt;&lt;/span&gt;&lt;span class=&#34;line&#34;&gt;&lt;span class=&#34;cl&#34;&gt;{{&lt;span class=&#34;p&#34;&gt;&amp;lt;&lt;/span&gt; &lt;span class=&#34;p&#34;&gt;/&lt;/span&gt;&lt;span class=&#34;nt&#34;&gt;spoiler&lt;/span&gt; &lt;span class=&#34;p&#34;&gt;&amp;gt;&lt;/span&gt;}}
&lt;/span&gt;&lt;/span&gt;&lt;/code&gt;&lt;/pre&gt;&lt;/div&gt;&lt;p&gt;renders as&lt;/p&gt;
&lt;details class=&#34;spoiler &#34;  id=&#34;spoiler-2&#34;&gt;
  &lt;summary class=&#34;cursor-pointer&#34;&gt;👉 Click to view the solution&lt;/summary&gt;
  &lt;div class=&#34;rounded-lg bg-neutral-50 dark:bg-neutral-800 p-2&#34;&gt;
    You found me 🎉
  &lt;/div&gt;
&lt;/details&gt;
&lt;h2 id=&#34;math&#34;&gt;Math&lt;/h2&gt;
&lt;p&gt;Hugo Blox Builder supports a Markdown extension for $\LaTeX$ math. You can enable this feature by toggling the &lt;code&gt;math&lt;/code&gt; option in your &lt;code&gt;config/_default/params.yaml&lt;/code&gt; file.&lt;/p&gt;
&lt;p&gt;To render &lt;em&gt;inline&lt;/em&gt; or &lt;em&gt;block&lt;/em&gt; math, wrap your LaTeX math with &lt;code&gt;{{&amp;lt; math &amp;gt;}}$...${{&amp;lt; /math &amp;gt;}}&lt;/code&gt; or &lt;code&gt;{{&amp;lt; math &amp;gt;}}$$...$${{&amp;lt; /math &amp;gt;}}&lt;/code&gt;, respectively.&lt;/p&gt;
&lt;div class=&#34;flex px-4 py-3 mb-6 rounded-md bg-primary-100 dark:bg-primary-900&#34;&gt;
&lt;span class=&#34;pr-3 pt-1 text-primary-600 dark:text-primary-300&#34;&gt;
  &lt;svg height=&#34;24&#34; xmlns=&#34;http://www.w3.org/2000/svg&#34; viewBox=&#34;0 0 24 24&#34;&gt;&lt;path fill=&#34;none&#34; stroke=&#34;currentColor&#34; stroke-linecap=&#34;round&#34; stroke-linejoin=&#34;round&#34; stroke-width=&#34;1.5&#34; d=&#34;m11.25 11.25l.041-.02a.75.75 0 0 1 1.063.852l-.708 2.836a.75.75 0 0 0 1.063.853l.041-.021M21 12a9 9 0 1 1-18 0a9 9 0 0 1 18 0m-9-3.75h.008v.008H12z&#34;/&gt;&lt;/svg&gt;
&lt;/span&gt;
  &lt;span class=&#34;dark:text-neutral-300&#34;&gt;We wrap the LaTeX math in the Hugo Blox &lt;em&gt;math&lt;/em&gt; shortcode to prevent Hugo rendering our math as Markdown.&lt;/span&gt;
&lt;/div&gt;
&lt;p&gt;Example &lt;strong&gt;math block&lt;/strong&gt;:&lt;/p&gt;
&lt;div class=&#34;highlight&#34;&gt;&lt;pre tabindex=&#34;0&#34; class=&#34;chroma&#34;&gt;&lt;code class=&#34;language-latex&#34; data-lang=&#34;latex&#34;&gt;&lt;span class=&#34;line&#34;&gt;&lt;span class=&#34;cl&#34;&gt;&lt;span class=&#34;nb&#34;&gt;{{&lt;/span&gt;&amp;lt; math &amp;gt;&lt;span class=&#34;nb&#34;&gt;}}&lt;/span&gt;
&lt;/span&gt;&lt;/span&gt;&lt;span class=&#34;line&#34;&gt;&lt;span class=&#34;cl&#34;&gt;&lt;span class=&#34;sb&#34;&gt;$$&lt;/span&gt;&lt;span class=&#34;nb&#34;&gt;
&lt;/span&gt;&lt;/span&gt;&lt;/span&gt;&lt;span class=&#34;line&#34;&gt;&lt;span class=&#34;cl&#34;&gt;&lt;span class=&#34;nb&#34;&gt;&lt;/span&gt;&lt;span class=&#34;nv&#34;&gt;\gamma&lt;/span&gt;&lt;span class=&#34;nb&#34;&gt;_{n} &lt;/span&gt;&lt;span class=&#34;o&#34;&gt;=&lt;/span&gt;&lt;span class=&#34;nb&#34;&gt; &lt;/span&gt;&lt;span class=&#34;nv&#34;&gt;\frac&lt;/span&gt;&lt;span class=&#34;nb&#34;&gt;{ &lt;/span&gt;&lt;span class=&#34;nv&#34;&gt;\left&lt;/span&gt;&lt;span class=&#34;nb&#34;&gt; | &lt;/span&gt;&lt;span class=&#34;nv&#34;&gt;\left&lt;/span&gt;&lt;span class=&#34;nb&#34;&gt; &lt;/span&gt;&lt;span class=&#34;o&#34;&gt;(&lt;/span&gt;&lt;span class=&#34;nv&#34;&gt;\mathbf&lt;/span&gt;&lt;span class=&#34;nb&#34;&gt; x_{n} &lt;/span&gt;&lt;span class=&#34;o&#34;&gt;-&lt;/span&gt;&lt;span class=&#34;nb&#34;&gt; &lt;/span&gt;&lt;span class=&#34;nv&#34;&gt;\mathbf&lt;/span&gt;&lt;span class=&#34;nb&#34;&gt; x_{n&lt;/span&gt;&lt;span class=&#34;o&#34;&gt;-&lt;/span&gt;&lt;span class=&#34;m&#34;&gt;1&lt;/span&gt;&lt;span class=&#34;nb&#34;&gt;} &lt;/span&gt;&lt;span class=&#34;nv&#34;&gt;\right&lt;/span&gt;&lt;span class=&#34;nb&#34;&gt; &lt;/span&gt;&lt;span class=&#34;o&#34;&gt;)&lt;/span&gt;&lt;span class=&#34;nb&#34;&gt;^T &lt;/span&gt;&lt;span class=&#34;nv&#34;&gt;\left&lt;/span&gt;&lt;span class=&#34;nb&#34;&gt; &lt;/span&gt;&lt;span class=&#34;o&#34;&gt;[&lt;/span&gt;&lt;span class=&#34;nv&#34;&gt;\nabla&lt;/span&gt;&lt;span class=&#34;nb&#34;&gt; F &lt;/span&gt;&lt;span class=&#34;o&#34;&gt;(&lt;/span&gt;&lt;span class=&#34;nv&#34;&gt;\mathbf&lt;/span&gt;&lt;span class=&#34;nb&#34;&gt; x_{n}&lt;/span&gt;&lt;span class=&#34;o&#34;&gt;)&lt;/span&gt;&lt;span class=&#34;nb&#34;&gt; &lt;/span&gt;&lt;span class=&#34;o&#34;&gt;-&lt;/span&gt;&lt;span class=&#34;nb&#34;&gt; &lt;/span&gt;&lt;span class=&#34;nv&#34;&gt;\nabla&lt;/span&gt;&lt;span class=&#34;nb&#34;&gt; F &lt;/span&gt;&lt;span class=&#34;o&#34;&gt;(&lt;/span&gt;&lt;span class=&#34;nv&#34;&gt;\mathbf&lt;/span&gt;&lt;span class=&#34;nb&#34;&gt; x_{n&lt;/span&gt;&lt;span class=&#34;o&#34;&gt;-&lt;/span&gt;&lt;span class=&#34;m&#34;&gt;1&lt;/span&gt;&lt;span class=&#34;nb&#34;&gt;}&lt;/span&gt;&lt;span class=&#34;o&#34;&gt;)&lt;/span&gt;&lt;span class=&#34;nb&#34;&gt; &lt;/span&gt;&lt;span class=&#34;nv&#34;&gt;\right&lt;/span&gt;&lt;span class=&#34;nb&#34;&gt; &lt;/span&gt;&lt;span class=&#34;o&#34;&gt;]&lt;/span&gt;&lt;span class=&#34;nb&#34;&gt; &lt;/span&gt;&lt;span class=&#34;nv&#34;&gt;\right&lt;/span&gt;&lt;span class=&#34;nb&#34;&gt; |}{&lt;/span&gt;&lt;span class=&#34;nv&#34;&gt;\left&lt;/span&gt;&lt;span class=&#34;nb&#34;&gt; &lt;/span&gt;&lt;span class=&#34;nv&#34;&gt;\|\nabla&lt;/span&gt;&lt;span class=&#34;nb&#34;&gt; F&lt;/span&gt;&lt;span class=&#34;o&#34;&gt;(&lt;/span&gt;&lt;span class=&#34;nv&#34;&gt;\mathbf&lt;/span&gt;&lt;span class=&#34;nb&#34;&gt;{x}_{n}&lt;/span&gt;&lt;span class=&#34;o&#34;&gt;)&lt;/span&gt;&lt;span class=&#34;nb&#34;&gt; &lt;/span&gt;&lt;span class=&#34;o&#34;&gt;-&lt;/span&gt;&lt;span class=&#34;nb&#34;&gt; &lt;/span&gt;&lt;span class=&#34;nv&#34;&gt;\nabla&lt;/span&gt;&lt;span class=&#34;nb&#34;&gt; F&lt;/span&gt;&lt;span class=&#34;o&#34;&gt;(&lt;/span&gt;&lt;span class=&#34;nv&#34;&gt;\mathbf&lt;/span&gt;&lt;span class=&#34;nb&#34;&gt;{x}_{n&lt;/span&gt;&lt;span class=&#34;o&#34;&gt;-&lt;/span&gt;&lt;span class=&#34;m&#34;&gt;1&lt;/span&gt;&lt;span class=&#34;nb&#34;&gt;}&lt;/span&gt;&lt;span class=&#34;o&#34;&gt;)&lt;/span&gt;&lt;span class=&#34;nb&#34;&gt; &lt;/span&gt;&lt;span class=&#34;nv&#34;&gt;\right&lt;/span&gt;&lt;span class=&#34;nb&#34;&gt; &lt;/span&gt;&lt;span class=&#34;nv&#34;&gt;\|&lt;/span&gt;&lt;span class=&#34;nb&#34;&gt;^&lt;/span&gt;&lt;span class=&#34;m&#34;&gt;2&lt;/span&gt;&lt;span class=&#34;nb&#34;&gt;}
&lt;/span&gt;&lt;/span&gt;&lt;/span&gt;&lt;span class=&#34;line&#34;&gt;&lt;span class=&#34;cl&#34;&gt;&lt;span class=&#34;nb&#34;&gt;&lt;/span&gt;&lt;span class=&#34;s&#34;&gt;$$&lt;/span&gt;
&lt;/span&gt;&lt;/span&gt;&lt;span class=&#34;line&#34;&gt;&lt;span class=&#34;cl&#34;&gt;&lt;span class=&#34;nb&#34;&gt;{{&lt;/span&gt;&amp;lt; /math &amp;gt;&lt;span class=&#34;nb&#34;&gt;}}&lt;/span&gt;
&lt;/span&gt;&lt;/span&gt;&lt;/code&gt;&lt;/pre&gt;&lt;/div&gt;&lt;p&gt;renders as&lt;/p&gt;

$$\gamma_{n} = \frac{ \left | \left (\mathbf x_{n} - \mathbf x_{n-1} \right )^T \left [\nabla F (\mathbf x_{n}) - \nabla F (\mathbf x_{n-1}) \right ] \right |}{\left \|\nabla F(\mathbf{x}_{n}) - \nabla F(\mathbf{x}_{n-1}) \right \|^2}$$


&lt;p&gt;Example &lt;strong&gt;inline math&lt;/strong&gt; &lt;code&gt;{{&amp;lt; math &amp;gt;}}$\nabla F(\mathbf{x}_{n})${{&amp;lt; /math &amp;gt;}}&lt;/code&gt; renders as $\nabla F(\mathbf{x}_{n})$
.&lt;/p&gt;
&lt;p&gt;Example &lt;strong&gt;multi-line math&lt;/strong&gt; using the math linebreak (&lt;code&gt;\\&lt;/code&gt;):&lt;/p&gt;
&lt;div class=&#34;highlight&#34;&gt;&lt;pre tabindex=&#34;0&#34; class=&#34;chroma&#34;&gt;&lt;code class=&#34;language-latex&#34; data-lang=&#34;latex&#34;&gt;&lt;span class=&#34;line&#34;&gt;&lt;span class=&#34;cl&#34;&gt;&lt;span class=&#34;nb&#34;&gt;{{&lt;/span&gt;&amp;lt; math &amp;gt;&lt;span class=&#34;nb&#34;&gt;}}&lt;/span&gt;
&lt;/span&gt;&lt;/span&gt;&lt;span class=&#34;line&#34;&gt;&lt;span class=&#34;cl&#34;&gt;&lt;span class=&#34;sb&#34;&gt;$$&lt;/span&gt;&lt;span class=&#34;nb&#34;&gt;f&lt;/span&gt;&lt;span class=&#34;o&#34;&gt;(&lt;/span&gt;&lt;span class=&#34;nb&#34;&gt;k;p_{&lt;/span&gt;&lt;span class=&#34;m&#34;&gt;0&lt;/span&gt;&lt;span class=&#34;nb&#34;&gt;}^{&lt;/span&gt;&lt;span class=&#34;o&#34;&gt;*&lt;/span&gt;&lt;span class=&#34;nb&#34;&gt;}&lt;/span&gt;&lt;span class=&#34;o&#34;&gt;)&lt;/span&gt;&lt;span class=&#34;nb&#34;&gt; &lt;/span&gt;&lt;span class=&#34;o&#34;&gt;=&lt;/span&gt;&lt;span class=&#34;nb&#34;&gt; &lt;/span&gt;&lt;span class=&#34;nv&#34;&gt;\begin&lt;/span&gt;&lt;span class=&#34;nb&#34;&gt;{cases}p_{&lt;/span&gt;&lt;span class=&#34;m&#34;&gt;0&lt;/span&gt;&lt;span class=&#34;nb&#34;&gt;}^{&lt;/span&gt;&lt;span class=&#34;o&#34;&gt;*&lt;/span&gt;&lt;span class=&#34;nb&#34;&gt;} &amp;amp; &lt;/span&gt;&lt;span class=&#34;nv&#34;&gt;\text&lt;/span&gt;&lt;span class=&#34;nb&#34;&gt;{if }k&lt;/span&gt;&lt;span class=&#34;o&#34;&gt;=&lt;/span&gt;&lt;span class=&#34;m&#34;&gt;1&lt;/span&gt;&lt;span class=&#34;nb&#34;&gt;, &lt;/span&gt;&lt;span class=&#34;nv&#34;&gt;\\&lt;/span&gt;&lt;span class=&#34;nb&#34;&gt;
&lt;/span&gt;&lt;/span&gt;&lt;/span&gt;&lt;span class=&#34;line&#34;&gt;&lt;span class=&#34;cl&#34;&gt;&lt;span class=&#34;nb&#34;&gt;&lt;/span&gt;&lt;span class=&#34;m&#34;&gt;1&lt;/span&gt;&lt;span class=&#34;o&#34;&gt;-&lt;/span&gt;&lt;span class=&#34;nb&#34;&gt;p_{&lt;/span&gt;&lt;span class=&#34;m&#34;&gt;0&lt;/span&gt;&lt;span class=&#34;nb&#34;&gt;}^{&lt;/span&gt;&lt;span class=&#34;o&#34;&gt;*&lt;/span&gt;&lt;span class=&#34;nb&#34;&gt;} &amp;amp; &lt;/span&gt;&lt;span class=&#34;nv&#34;&gt;\text&lt;/span&gt;&lt;span class=&#34;nb&#34;&gt;{if }k&lt;/span&gt;&lt;span class=&#34;o&#34;&gt;=&lt;/span&gt;&lt;span class=&#34;m&#34;&gt;0&lt;/span&gt;&lt;span class=&#34;nb&#34;&gt;.&lt;/span&gt;&lt;span class=&#34;nv&#34;&gt;\end&lt;/span&gt;&lt;span class=&#34;nb&#34;&gt;{cases}&lt;/span&gt;&lt;span class=&#34;s&#34;&gt;$$&lt;/span&gt;
&lt;/span&gt;&lt;/span&gt;&lt;span class=&#34;line&#34;&gt;&lt;span class=&#34;cl&#34;&gt;&lt;span class=&#34;nb&#34;&gt;{{&lt;/span&gt;&amp;lt; /math &amp;gt;&lt;span class=&#34;nb&#34;&gt;}}&lt;/span&gt;
&lt;/span&gt;&lt;/span&gt;&lt;/code&gt;&lt;/pre&gt;&lt;/div&gt;&lt;p&gt;renders as&lt;/p&gt;


$$
f(k;p_{0}^{*}) = \begin{cases}p_{0}^{*} &amp; \text{if }k=1, \\
1-p_{0}^{*} &amp; \text{if }k=0.\end{cases}
$$



&lt;h2 id=&#34;code&#34;&gt;Code&lt;/h2&gt;
&lt;p&gt;Hugo Blox Builder utilises Hugo&amp;rsquo;s Markdown extension for highlighting code syntax. The code theme can be selected in the &lt;code&gt;config/_default/params.yaml&lt;/code&gt; file.&lt;/p&gt;
&lt;pre&gt;&lt;code&gt;```python
import pandas as pd
data = pd.read_csv(&amp;quot;data.csv&amp;quot;)
data.head()
```
&lt;/code&gt;&lt;/pre&gt;
&lt;p&gt;renders as&lt;/p&gt;
&lt;div class=&#34;highlight&#34;&gt;&lt;pre tabindex=&#34;0&#34; class=&#34;chroma&#34;&gt;&lt;code class=&#34;language-python&#34; data-lang=&#34;python&#34;&gt;&lt;span class=&#34;line&#34;&gt;&lt;span class=&#34;cl&#34;&gt;&lt;span class=&#34;kn&#34;&gt;import&lt;/span&gt; &lt;span class=&#34;nn&#34;&gt;pandas&lt;/span&gt; &lt;span class=&#34;k&#34;&gt;as&lt;/span&gt; &lt;span class=&#34;nn&#34;&gt;pd&lt;/span&gt;
&lt;/span&gt;&lt;/span&gt;&lt;span class=&#34;line&#34;&gt;&lt;span class=&#34;cl&#34;&gt;&lt;span class=&#34;n&#34;&gt;data&lt;/span&gt; &lt;span class=&#34;o&#34;&gt;=&lt;/span&gt; &lt;span class=&#34;n&#34;&gt;pd&lt;/span&gt;&lt;span class=&#34;o&#34;&gt;.&lt;/span&gt;&lt;span class=&#34;n&#34;&gt;read_csv&lt;/span&gt;&lt;span class=&#34;p&#34;&gt;(&lt;/span&gt;&lt;span class=&#34;s2&#34;&gt;&amp;#34;data.csv&amp;#34;&lt;/span&gt;&lt;span class=&#34;p&#34;&gt;)&lt;/span&gt;
&lt;/span&gt;&lt;/span&gt;&lt;span class=&#34;line&#34;&gt;&lt;span class=&#34;cl&#34;&gt;&lt;span class=&#34;n&#34;&gt;data&lt;/span&gt;&lt;span class=&#34;o&#34;&gt;.&lt;/span&gt;&lt;span class=&#34;n&#34;&gt;head&lt;/span&gt;&lt;span class=&#34;p&#34;&gt;()&lt;/span&gt;
&lt;/span&gt;&lt;/span&gt;&lt;/code&gt;&lt;/pre&gt;&lt;/div&gt;&lt;h2 id=&#34;inline-images&#34;&gt;Inline Images&lt;/h2&gt;
&lt;div class=&#34;highlight&#34;&gt;&lt;pre tabindex=&#34;0&#34; class=&#34;chroma&#34;&gt;&lt;code class=&#34;language-go&#34; data-lang=&#34;go&#34;&gt;&lt;span class=&#34;line&#34;&gt;&lt;span class=&#34;cl&#34;&gt;&lt;span class=&#34;p&#34;&gt;{{&amp;lt;&lt;/span&gt; &lt;span class=&#34;nx&#34;&gt;icon&lt;/span&gt; &lt;span class=&#34;nx&#34;&gt;name&lt;/span&gt;&lt;span class=&#34;p&#34;&gt;=&lt;/span&gt;&lt;span class=&#34;s&#34;&gt;&amp;#34;python&amp;#34;&lt;/span&gt; &lt;span class=&#34;p&#34;&gt;&amp;gt;}}&lt;/span&gt; &lt;span class=&#34;nx&#34;&gt;Python&lt;/span&gt;
&lt;/span&gt;&lt;/span&gt;&lt;/code&gt;&lt;/pre&gt;&lt;/div&gt;&lt;p&gt;renders as&lt;/p&gt;
&lt;p&gt;
  &lt;span class=&#34;inline-block  pr-1&#34;&gt;
    &lt;svg style=&#34;height: 1em; transform: translateY(0.1em);&#34; xmlns=&#34;http://www.w3.org/2000/svg&#34; height=&#34;1em&#34; viewBox=&#34;0 0 448 512&#34; fill=&#34;currentColor&#34;&gt;&lt;path d=&#34;M439.8 200.5c-7.7-30.9-22.3-54.2-53.4-54.2h-40.1v47.4c0 36.8-31.2 67.8-66.8 67.8H172.7c-29.2 0-53.4 25-53.4 54.3v101.8c0 29 25.2 46 53.4 54.3 33.8 9.9 66.3 11.7 106.8 0 26.9-7.8 53.4-23.5 53.4-54.3v-40.7H226.2v-13.6h160.2c31.1 0 42.6-21.7 53.4-54.2 11.2-33.5 10.7-65.7 0-108.6zM286.2 404c11.1 0 20.1 9.1 20.1 20.3 0 11.3-9 20.4-20.1 20.4-11 0-20.1-9.2-20.1-20.4.1-11.3 9.1-20.3 20.1-20.3zM167.8 248.1h106.8c29.7 0 53.4-24.5 53.4-54.3V91.9c0-29-24.4-50.7-53.4-55.6-35.8-5.9-74.7-5.6-106.8.1-45.2 8-53.4 24.7-53.4 55.6v40.7h106.9v13.6h-147c-31.1 0-58.3 18.7-66.8 54.2-9.8 40.7-10.2 66.1 0 108.6 7.6 31.6 25.7 54.2 56.8 54.2H101v-48.8c0-35.3 30.5-66.4 66.8-66.4zm-6.7-142.6c-11.1 0-20.1-9.1-20.1-20.3.1-11.3 9-20.4 20.1-20.4 11 0 20.1 9.2 20.1 20.4s-9 20.3-20.1 20.3z&#34;/&gt;&lt;/svg&gt;
  &lt;/span&gt; Python&lt;/p&gt;
&lt;h2 id=&#34;did-you-find-this-page-helpful-consider-sharing-it-&#34;&gt;Did you find this page helpful? Consider sharing it 🙌&lt;/h2&gt;
</description>
    </item>
    
    <item>
      <title>✅ Manage your projects</title>
      <link>http://localhost:1313/blog/project-management/</link>
      <pubDate>Mon, 23 Oct 2023 00:00:00 +0000</pubDate>
      <guid>http://localhost:1313/blog/project-management/</guid>
      <description>&lt;p&gt;Easily manage your projects - create ideation mind maps, Gantt charts, todo lists, and more!&lt;/p&gt;
&lt;h2 id=&#34;ideation&#34;&gt;Ideation&lt;/h2&gt;
&lt;p&gt;Hugo Blox supports a Markdown extension for mindmaps.&lt;/p&gt;
&lt;p&gt;Simply insert a Markdown code block labelled as &lt;code&gt;markmap&lt;/code&gt; and optionally set the height of the mindmap as shown in the example below.&lt;/p&gt;
&lt;p&gt;Mindmaps can be created by simply writing the items as a Markdown list within the &lt;code&gt;markmap&lt;/code&gt; code block, indenting each item to create as many sub-levels as you need:&lt;/p&gt;
&lt;div class=&#34;highlight&#34;&gt;
&lt;pre class=&#34;chroma&#34;&gt;
&lt;code&gt;
```markmap {height=&#34;200px&#34;}
- Hugo Modules
  - Hugo Blox
  - blox-plugins-netlify
  - blox-plugins-netlify-cms
  - blox-plugins-reveal
```
&lt;/code&gt;
&lt;/pre&gt;
&lt;/div&gt;
&lt;p&gt;renders as&lt;/p&gt;
&lt;div class=&#34;markmap&#34; style=&#34;height: 200px;&#34;&gt;

&lt;pre&gt;- Hugo Modules
  - Hugo Blox
  - blox-plugins-netlify
  - blox-plugins-netlify-cms
  - blox-plugins-reveal&lt;/pre&gt;
&lt;/div&gt;

&lt;h2 id=&#34;diagrams&#34;&gt;Diagrams&lt;/h2&gt;
&lt;p&gt;Hugo Blox supports the &lt;em&gt;Mermaid&lt;/em&gt; Markdown extension for diagrams.&lt;/p&gt;
&lt;p&gt;An example &lt;strong&gt;Gantt diagram&lt;/strong&gt;:&lt;/p&gt;
&lt;pre&gt;&lt;code&gt;```mermaid
gantt
section Section
Completed :done,    des1, 2014-01-06,2014-01-08
Active        :active,  des2, 2014-01-07, 3d
Parallel 1   :         des3, after des1, 1d
Parallel 2   :         des4, after des1, 1d
Parallel 3   :         des5, after des3, 1d
Parallel 4   :         des6, after des4, 1d
```
&lt;/code&gt;&lt;/pre&gt;
&lt;p&gt;renders as&lt;/p&gt;
&lt;div class=&#34;mermaid&#34;&gt;gantt
section Section
Completed :done,    des1, 2014-01-06,2014-01-08
Active        :active,  des2, 2014-01-07, 3d
Parallel 1   :         des3, after des1, 1d
Parallel 2   :         des4, after des1, 1d
Parallel 3   :         des5, after des3, 1d
Parallel 4   :         des6, after des4, 1d
&lt;/div&gt;
&lt;h2 id=&#34;todo-lists&#34;&gt;Todo lists&lt;/h2&gt;
&lt;p&gt;You can even write your todo lists in Markdown too:&lt;/p&gt;
&lt;div class=&#34;highlight&#34;&gt;&lt;pre tabindex=&#34;0&#34; class=&#34;chroma&#34;&gt;&lt;code class=&#34;language-markdown&#34; data-lang=&#34;markdown&#34;&gt;&lt;span class=&#34;line&#34;&gt;&lt;span class=&#34;cl&#34;&gt;&lt;span class=&#34;k&#34;&gt;- [x]&lt;/span&gt; Write math example
&lt;/span&gt;&lt;/span&gt;&lt;span class=&#34;line&#34;&gt;&lt;span class=&#34;cl&#34;&gt;  &lt;span class=&#34;k&#34;&gt;- [x]&lt;/span&gt; Write diagram example
&lt;/span&gt;&lt;/span&gt;&lt;span class=&#34;line&#34;&gt;&lt;span class=&#34;cl&#34;&gt;&lt;span class=&#34;k&#34;&gt;- [ ]&lt;/span&gt; Do something else
&lt;/span&gt;&lt;/span&gt;&lt;/code&gt;&lt;/pre&gt;&lt;/div&gt;&lt;p&gt;renders as&lt;/p&gt;
&lt;ul&gt;
&lt;li&gt;&lt;input checked=&#34;&#34; disabled=&#34;&#34; type=&#34;checkbox&#34;&gt; Write math example
&lt;ul&gt;
&lt;li&gt;&lt;input checked=&#34;&#34; disabled=&#34;&#34; type=&#34;checkbox&#34;&gt; Write diagram example&lt;/li&gt;
&lt;/ul&gt;
&lt;/li&gt;
&lt;li&gt;&lt;input disabled=&#34;&#34; type=&#34;checkbox&#34;&gt; Do something else&lt;/li&gt;
&lt;/ul&gt;
&lt;h2 id=&#34;did-you-find-this-page-helpful-consider-sharing-it-&#34;&gt;Did you find this page helpful? Consider sharing it 🙌&lt;/h2&gt;
</description>
    </item>
    
  </channel>
</rss>
