<?xml version="1.0" encoding="utf-8" standalone="yes" ?>
<rss version="2.0" xmlns:atom="http://www.w3.org/2005/Atom">
  <channel>
    <title>Tags | Chateau Buno</title>
    <link>https://chateaubuno.com/tags/</link>
      <atom:link href="https://chateaubuno.com/tags/index.xml" rel="self" type="application/rss+xml" />
    <description>Tags</description>
    <generator>Hugo Blox Builder (https://hugoblox.com)</generator><language>en-us</language>
    <image>
      <url>https://chateaubuno.com/media/logo.svg</url>
      <title>Tags</title>
      <link>https://chateaubuno.com/tags/</link>
    </image>
    
  </channel>
</rss>
